Origin \ Destination,Busan,Cartagena,Colombo,Hamburg,Ho Chi Minh City,Jakarta,Jebel Ali,Kaohsiung,Laem Chabang,Los Angeles,New Jersey,Piraeus,Qingdao,Rotterdam,Shanghai,Shenzhen,Singapore,Tanger Med,Tianjin,Xiamen
Busan,-,3,15,15,3,3,27,74,3,61,21,14,20,20,48,26,18,8,12,14
Cartagena,2,-,5,10,1,1,5,1,1,4,31,9,3,15,8,7,5,11,1,2
Colombo,18,16,-,24,7,9,68,10,8,9,46,23,13,36,46,45,35,21,4,13
Hamburg,7,10,23,-,2,3,34,5,2,6,25,21,7,28,26,27,13,25,3,7
Ho Chi Minh City,1,1,4,2,-,3,6,1,3,3,2,2,1,3,6,6,10,2,1,1
Jakarta,1,1,3,2,1,-,5,1,2,2,2,3,1,3,5,5,5,1,1,1
Jebel Ali,14,4,62,26,6,9,-,9,6,13,13,23,10,37,25,26,29,31,3,10
Kaohsiung,26,2,5,7,2,2,7,-,2,52,8,5,10,8,18,8,7,4,9,4
Laem Chabang,1,1,4,2,1,4,6,1,-,3,2,3,1,3,6,6,10,2,1,1
Los Angeles,29,8,11,7,3,4,15,17,3,-,31,7,23,12,59,36,12,5,9,18
New Jersey,11,37,23,26,2,3,11,8,2,35,-,17,10,31,35,31,11,11,4,9
Piraeus,8,10,21,12,3,2,26,5,2,6,18,-,7,29,23,22,11,28,3,6
Qingdao,12,3,11,9,2,3,15,11,2,55,13,10,-,10,28,10,13,6,5,0
Rotterdam,12,15,34,18,4,5,53,8,4,10,40,21,13,-,41,38,18,40,4,11
Shanghai,30,17,32,37,10,12,40,20,10,79,81,29,26,43,-,25,45,19,17,10
Shenzhen,34,17,39,40,10,13,58,22,11,31,89,35,8,56,19,-,50,18,7,3
Singapore,19,14,34,21,5,7,53,13,5,34,41,20,16,31,62,60,-,17,5,17
Tanger Med,7,10,21,15,3,4,30,4,2,4,11,17,6,21,20,19,12,-,2,5
Tianjin,10,2,8,8,1,2,14,6,2,21,10,7,10,11,22,7,11,4,-,0
Xiamen,19,3,13,13,3,3,21,13,3,16,15,11,5,17,12,45,17,6,0,-
